JOBID;STEPID;NODENAME;AVG_CPUFREQ_KHZ;AVG_IMCFREQ_KHZ;DEF_FREQ_KHZ;ITER_TIME_SEC;CPI;TPI;MEM_GBS;IO_MBS;PERC_MPI;DC_NODE_POWER_W;DRAM_POWER_W;PCK_POWER_W;CYCLES;INSTRUCTIONS;GFLOPS;L1_MISSES;L2_MISSES;L3_MISSES;SPOPS_SINGLE;SPOPS_128;SPOPS_256;SPOPS_512;DPOPS_SINGLE;DPOPS_128;DPOPS_256;DPOPS_512;GPU0_POWER_W;GPU0_FREQ_KHZ;GPU0_MEM_FREQ_KHZ;GPU0_UTIL_PERC;GPU0_MEM_UTIL_PERC;GPU1_POWER_W;GPU1_FREQ_KHZ;GPU1_MEM_FREQ_KHZ;GPU1_UTIL_PERC;GPU1_MEM_UTIL_PERC;GPU2_POWER_W;GPU2_FREQ_KHZ;GPU2_MEM_FREQ_KHZ;GPU2_UTIL_PERC;GPU2_MEM_UTIL_PERC;GPU3_POWER_W;GPU3_FREQ_KHZ;GPU3_MEM_FREQ_KHZ;GPU3_UTIL_PERC;GPU3_MEM_UTIL_PERC;LOOPID;LOOP_NEST_LEVEL;LOOP_SIZE;TIMESTAMP;ELAPSED;DATE
19488971;0;gs15r3b09;2899464;2024470;2001000;0.068083;1.000000;3070054580762.132324;334.020974;0.028099;5.789230;924.710073;17.725426;699.996268;112;112;0.000000;0;0;0;0;0;0;0;0;0;0;0;0.000000;0;0;0;0;0.000000;0;0;0;0;0.000000;0;0;0;0;0.000000;0;0;0;0;1;1;1;1745107796;30;20-04-2025 02:09:56
19488971;0;gs15r3b09;2879464;2011579;2001000;2.399053;1.000000;8007211238206.227539;333.765472;0.000777;6.079484;922.976125;17.751712;698.624164;112;112;0.000000;0;0;0;0;0;0;0;0;0;0;0;0.000000;0;0;0;0;0.000000;0;0;0;0;0.000000;0;0;0;0;0.000000;0;0;0;0;1;1;1;1745107809;43;20-04-2025 02:10:09
19488971;0;gs15r3b09;2860000;2006609;2001000;1.144725;1.000000;7630761498625.591797;333.300975;0.000492;6.633456;922.963026;17.770019;698.595690;112;112;0.000000;0;0;0;0;0;0;0;0;0;0;0;0.000000;0;0;0;0;0.000000;0;0;0;0;0.000000;0;0;0;0;0.000000;0;0;0;0;1;1;1;1745107832;66;20-04-2025 02:10:32
19488971;0;gs15r3b09;2850000;1997157;2001000;1.137575;1.000000;7589197109311.539062;333.569030;0.000492;7.544926;919.242174;17.805703;698.658485;112;112;0.000000;0;0;0;0;0;0;0;0;0;0;0;0.000000;0;0;0;0;0.000000;0;0;0;0;0.000000;0;0;0;0;0.000000;0;0;0;0;1;1;1;1745107854;89;20-04-2025 02:10:54
19488971;0;gs15r3b09;2860000;2004059;2001000;1.145775;1.000000;7651428845021.501953;333.897428;0.000493;6.633404;933.273700;17.844673;698.603987;112;112;0.000000;0;0;0;0;0;0;0;0;0;0;0;0.000000;0;0;0;0;0.000000;0;0;0;0;0.000000;0;0;0;0;0.000000;0;0;0;0;1;1;1;1745107877;111;20-04-2025 02:11:17
19488971;0;gs15r3b09;2860000;2004544;2001000;1.135775;1.000000;7641727513707.843750;336.410212;0.000506;6.166486;914.842611;17.938706;698.643939;112;112;0.000000;0;0;0;0;0;0;0;0;0;0;0;0.000000;0;0;0;0;0.000000;0;0;0;0;0.000000;0;0;0;0;0.000000;0;0;0;0;1;1;1;1745107900;134;20-04-2025 02:11:40
19488971;0;gs15r3b09;2826250;1987252;2001000;1.128625;1.000000;7567960582090.203125;335.273478;0.000494;8.523005;916.990231;17.925990;698.634229;112;112;0.000000;0;0;0;0;0;0;0;0;0;0;0;0.000000;0;0;0;0;0.000000;0;0;0;0;0.000000;0;0;0;0;0.000000;0;0;0;0;1;1;1;1745107923;157;20-04-2025 02:12:03
19488971;0;gs15r3b09;2880000;2011572;2001000;1.154276;1.000000;7697380110819.679688;333.429040;0.000491;5.704376;919.616944;17.832620;698.643109;112;112;0.000000;0;0;0;0;0;0;0;0;0;0;0;0.000000;0;0;0;0;0.000000;0;0;0;0;0.000000;0;0;0;0;0.000000;0;0;0;0;1;1;1;1745107946;180;20-04-2025 02:12:26
19488971;0;gs15r3b09;2870000;2005414;2001000;1.147675;1.000000;7638508747995.919922;332.781744;0.000491;6.433810;906.246404;17.817767;698.628528;112;112;0.000000;0;0;0;0;0;0;0;0;0;0;0;0.000000;0;0;0;0;0.000000;0;0;0;0;0.000000;0;0;0;0;0.000000;0;0;0;0;1;1;1;1745107969;203;20-04-2025 02:12:49
19488971;1;gs15r3b09;2580000;1884798;2001000;0.038370;1.000000;2587464446612.666992;267.598219;0.031543;13.969770;873.253090;16.080147;700.919215;56;56;0.000000;0;0;0;0;0;0;0;0;0;0;0;0.000000;0;0;0;0;0.000000;0;0;0;0;0.000000;0;0;0;0;0.000000;0;0;0;0;2147483647;0;12;1745107995;11;20-04-2025 02:13:15
19488971;1;gs15r3b09;2560000;1879947;2001000;0.038715;1.000000;2862795081448.911133;267.920597;0.000521;13.678424;957.052801;16.100645;698.749209;56;56;0.000000;0;0;0;0;0;0;0;0;0;0;0;0.000000;0;0;0;0;0.000000;0;0;0;0;0.000000;0;0;0;0;0.000000;0;0;0;0;2147483647;0;12;1745108006;22;20-04-2025 02:13:26
19488971;1;gs15r3b09;2560000;1878934;2001000;0.040025;1.000000;5715271083204.518555;267.400193;0.000273;13.759529;919.305257;16.103128;698.838114;56;56;0.000000;0;0;0;0;0;0;0;0;0;0;0;0.000000;0;0;0;0;0.000000;0;0;0;0;0.000000;0;0;0;0;0.000000;0;0;0;0;2147483647;0;12;1745108027;44;20-04-2025 02:13:47
19488971;1;gs15r3b09;2560000;1878553;2001000;0.039975;1.000000;5710624013620.770508;267.020349;0.000273;13.840042;918.084677;16.096691;698.786064;56;56;0.000000;0;0;0;0;0;0;0;0;0;0;0;0.000000;0;0;0;0;0.000000;0;0;0;0;0.000000;0;0;0;0;0.000000;0;0;0;0;2147483647;0;12;1745108049;65;20-04-2025 02:14:09
19488971;1;gs15r3b09;2560000;1877053;2001000;0.040046;1.000000;5704584696806.792969;265.768632;0.000285;14.358981;907.961885;16.053640;698.769017;56;56;0.000000;0;0;0;0;0;0;0;0;0;0;0;0.000000;0;0;0;0;0.000000;0;0;0;0;0.000000;0;0;0;0;0.000000;0;0;0;0;2147483647;0;12;1745108084;100;20-04-2025 02:14:44
19488971;2;gs15r3b09;2920000;1950319;2001000;1.069624;1.000000;1686279201078.551270;157.651630;0.002903;19.284315;869.790469;11.968124;696.734606;14;14;0.000000;0;0;0;0;0;0;0;0;0;0;0;0.000000;0;0;0;0;0.000000;0;0;0;0;0.000000;0;0;0;0;0.000000;0;0;0;0;1;1;1;1745108140;29;20-04-2025 02:15:40
19488971;2;gs15r3b09;2920000;1943893;2001000;1.172326;1.000000;1847066809994.317627;157.555692;0.000109;19.039096;862.937819;11.965611;696.797474;14;14;0.000000;0;0;0;0;0;0;0;0;0;0;0;0.000000;0;0;0;0;0.000000;0;0;0;0;0.000000;0;0;0;0;0.000000;0;0;0;0;1;1;1;1745108152;42;20-04-2025 02:15:52
19488971;2;gs15r3b09;2920000;1943351;2001000;1.178928;1.000000;3705553819411.157715;157.157826;0.000054;19.211660;916.828774;11.941561;696.687012;14;14;0.000000;0;0;0;0;0;0;0;0;0;0;0;0.000000;0;0;0;0;0.000000;0;0;0;0;0.000000;0;0;0;0;0.000000;0;0;0;0;1;1;1;1745108175;64;20-04-2025 02:16:15
19488971;2;gs15r3b09;2920000;1948321;2001000;1.128276;1.000000;3536753444121.193848;156.732699;0.000057;19.502086;894.557495;11.932270;697.156092;14;14;0.000000;0;0;0;0;0;0;0;0;0;0;0;0.000000;0;0;0;0;0.000000;0;0;0;0;0.000000;0;0;0;0;0.000000;0;0;0;0;1;1;1;1745108198;88;20-04-2025 02:16:38
19488971;2;gs15r3b09;2920000;1940742;2001000;1.176177;1.000000;3698199163210.378418;157.212704;0.000053;19.151612;907.123754;11.950826;696.421127;14;14;0.000000;0;0;0;0;0;0;0;0;0;0;0;0.000000;0;0;0;0;0.000000;0;0;0;0;0.000000;0;0;0;0;0.000000;0;0;0;0;1;1;1;1745108222;111;20-04-2025 02:17:02
19488971;3;gs15r3b09;2920000;2087716;2001000;0.042643;1.000000;1206306742784.000000;131.575019;0.004314;22.243288;903.597378;10.820874;702.120069;8;8;0.000000;0;0;0;0;0;0;0;0;0;0;0;0.000000;0;0;0;0;0.000000;0;0;0;0;0.000000;0;0;0;0;0.000000;0;0;0;0;2147483647;0;12;1745108248;10;20-04-2025 02:17:28
19488971;3;gs15r3b09;2920000;2045927;2001000;0.043064;1.000000;1340316024448.000000;131.323347;0.000084;21.843454;891.920110;10.816265;696.237699;8;8;0.000000;0;0;0;0;0;0;0;0;0;0;0;0.000000;0;0;0;0;0.000000;0;0;0;0;0.000000;0;0;0;0;0.000000;0;0;0;0;2147483647;0;12;1745108259;21;20-04-2025 02:17:39
19488971;3;gs15r3b09;2920000;2048361;2001000;0.044169;1.000000;2680339832128.000000;131.065027;0.000052;21.847986;863.036026;10.796404;697.244933;8;8;0.000000;0;0;0;0;0;0;0;0;0;0;0;0.000000;0;0;0;0;0.000000;0;0;0;0;0.000000;0;0;0;0;0.000000;0;0;0;0;2147483647;0;12;1745108279;41;20-04-2025 02:17:59
19488971;3;gs15r3b09;2920000;2045257;2001000;0.043990;1.000000;2682337632448.000000;130.849000;0.000051;22.264529;870.888538;10.802707;697.244681;8;8;0.000000;0;0;0;0;0;0;0;0;0;0;0;0.000000;0;0;0;0;0.000000;0;0;0;0;0.000000;0;0;0;0;0.000000;0;0;0;0;2147483647;0;12;1745108300;62;20-04-2025 02:18:20
19488971;3;gs15r3b09;2920000;2046294;2001000;0.043366;1.000000;2681206230400.000000;131.829298;0.000052;21.560839;891.052178;10.807279;697.564272;8;8;0.000000;0;0;0;0;0;0;0;0;0;0;0;0.000000;0;0;0;0;0.000000;0;0;0;0;0.000000;0;0;0;0;0.000000;0;0;0;0;2147483647;0;12;1745108320;82;20-04-2025 02:18:40
19488971;3;gs15r3b09;2920000;2046322;2001000;0.043602;1.000000;2681176057408.000000;130.556844;0.000051;22.073884;886.080491;10.775941;696.768617;8;8;0.000000;0;0;0;0;0;0;0;0;0;0;0;0.000000;0;0;0;0;0.000000;0;0;0;0;0.000000;0;0;0;0;0.000000;0;0;0;0;2147483647;0;12;1745108341;103;20-04-2025 02:19:01
19488971;4;gs15r3b09;2920714;2410689;2001000;1.001323;1.000000;744140728448.000000;74.315768;0.000226;17.794498;900.452481;8.438945;698.276899;2;2;0.000000;0;0;0;0;0;0;0;0;0;0;0;0.000000;0;0;0;0;0.000000;0;0;0;0;0.000000;0;0;0;0;0.000000;0;0;0;0;1;1;1;1745108404;33;20-04-2025 02:20:04
19488971;4;gs15r3b09;2920714;2410431;2001000;1.101425;1.000000;818550068800.000000;74.317361;0.000020;17.982681;805.084794;8.459013;698.382539;2;2;0.000000;0;0;0;0;0;0;0;0;0;0;0;0.000000;0;0;0;0;0.000000;0;0;0;0;0.000000;0;0;0;0;0.000000;0;0;0;0;1;1;1;1745108415;44;20-04-2025 02:20:15
19488971;4;gs15r3b09;2920714;2406455;2001000;1.101125;1.000000;824482745856.000000;74.876385;0.000020;17.341871;902.133381;8.465347;698.499527;2;2;0.000000;0;0;0;0;0;0;0;0;0;0;0;0.000000;0;0;0;0;0.000000;0;0;0;0;0.000000;0;0;0;0;0.000000;0;0;0;0;1;1;1;1745108426;55;20-04-2025 02:20:26
19488971;4;gs15r3b09;2920714;2408175;2001000;1.101425;1.000000;817299813952.000000;74.203849;0.000019;17.770149;902.175827;8.453373;698.180226;2;2;0.000000;0;0;0;0;0;0;0;0;0;0;0;0.000000;0;0;0;0;0.000000;0;0;0;0;0.000000;0;0;0;0;0.000000;0;0;0;0;1;1;1;1745108437;66;20-04-2025 02:20:37
19488971;4;gs15r3b09;2920714;2408387;2001000;1.101025;1.000000;821506155648.000000;74.612839;0.000020;17.889990;917.970906;8.460862;698.622698;2;2;0.000000;0;0;0;0;0;0;0;0;0;0;0;0.000000;0;0;0;0;0.000000;0;0;0;0;0.000000;0;0;0;0;0.000000;0;0;0;0;1;1;1;1745108448;77;20-04-2025 02:20:48
19488971;4;gs15r3b09;2920714;2412865;2001000;1.101425;1.000000;808186308352.000000;73.376420;0.000020;19.006927;814.949469;8.400412;698.421712;2;2;0.000000;0;0;0;0;0;0;0;0;0;0;0;0.000000;0;0;0;0;0.000000;0;0;0;0;0.000000;0;0;0;0;0.000000;0;0;0;0;1;1;1;1745108459;88;20-04-2025 02:20:59
19488971;4;gs15r3b09;2920714;2409599;2001000;1.101325;1.000000;818146737856.000000;74.287480;0.000019;17.915213;877.910448;8.447023;698.544808;2;2;0.000000;0;0;0;0;0;0;0;0;0;0;0;0.000000;0;0;0;0;0.000000;0;0;0;0;0.000000;0;0;0;0;0.000000;0;0;0;0;1;1;1;1745108470;99;20-04-2025 02:21:10
19488971;4;gs15r3b09;2920714;2405818;2001000;1.101225;1.000000;825631465472.000000;74.973892;0.000020;17.211486;919.967603;8.492973;698.406254;2;2;0.000000;0;0;0;0;0;0;0;0;0;0;0;0.000000;0;0;0;0;0.000000;0;0;0;0;0.000000;0;0;0;0;0.000000;0;0;0;0;1;1;1;1745108481;110;20-04-2025 02:21:21
19488971;4;gs15r3b09;2920714;2404732;2001000;1.101325;1.000000;828489875776.000000;75.226620;0.000020;16.813927;896.707640;8.517899;698.473051;2;2;0.000000;0;0;0;0;0;0;0;0;0;0;0;0.000000;0;0;0;0;0.000000;0;0;0;0;0.000000;0;0;0;0;0.000000;0;0;0;0;1;1;1;1745108492;121;20-04-2025 02:21:32
19488971;4;gs15r3b09;2920714;2411634;2001000;1.101325;1.000000;816063233472.000000;74.098285;0.000020;18.188579;815.928789;8.454256;698.336807;2;2;0.000000;0;0;0;0;0;0;0;0;0;0;0;0.000000;0;0;0;0;0.000000;0;0;0;0;0.000000;0;0;0;0;0.000000;0;0;0;0;1;1;1;1745108503;132;20-04-2025 02:21:43
19488971;4;gs15r3b09;2920714;2411443;2001000;1.101225;1.000000;813052120576.000000;73.831581;0.000019;18.535750;908.832651;8.452255;698.440088;2;2;0.000000;0;0;0;0;0;0;0;0;0;0;0;0.000000;0;0;0;0;0.000000;0;0;0;0;0.000000;0;0;0;0;0.000000;0;0;0;0;1;1;1;1745108514;143;20-04-2025 02:21:54
19488971;4;gs15r3b09;2920714;2406007;2001000;1.101225;1.000000;825426657536.000000;74.955294;0.000020;17.131448;906.770122;8.498589;698.578764;2;2;0.000000;0;0;0;0;0;0;0;0;0;0;0;0.000000;0;0;0;0;0.000000;0;0;0;0;0.000000;0;0;0;0;0.000000;0;0;0;0;1;1;1;1745108526;154;20-04-2025 02:22:06
19488971;4;gs15r3b09;2920714;2407571;2001000;1.101325;1.000000;820223240512.000000;74.476012;0.000020;17.873133;892.976408;8.473311;698.327580;2;2;0.000000;0;0;0;0;0;0;0;0;0;0;0;0.000000;0;0;0;0;0.000000;0;0;0;0;0.000000;0;0;0;0;0.000000;0;0;0;0;1;1;1;1745108537;165;20-04-2025 02:22:17
19488971;4;gs15r3b09;2920714;2406633;2001000;1.101325;1.000000;823055194240.000000;74.733153;0.000020;17.359101;815.293827;8.474879;698.549380;2;2;0.000000;0;0;0;0;0;0;0;0;0;0;0;0.000000;0;0;0;0;0.000000;0;0;0;0;0.000000;0;0;0;0;0.000000;0;0;0;0;1;1;1;1745108548;176;20-04-2025 02:22:28
19488971;4;gs15r3b09;2920714;2405315;2001000;1.101225;1.000000;822591467328.000000;74.697836;0.000020;17.496577;892.774894;8.470289;698.342033;2;2;0.000000;0;0;0;0;0;0;0;0;0;0;0;0.000000;0;0;0;0;0.000000;0;0;0;0;0.000000;0;0;0;0;0.000000;0;0;0;0;1;1;1;1745108559;187;20-04-2025 02:22:39
19488971;4;gs15r3b09;2920714;2405769;2001000;1.101125;1.000000;826899761408.000000;75.095882;0.000019;17.038003;900.687869;8.483447;698.601604;2;2;0.000000;0;0;0;0;0;0;0;0;0;0;0;0.000000;0;0;0;0;0.000000;0;0;0;0;0.000000;0;0;0;0;0.000000;0;0;0;0;1;1;1;1745108570;198;20-04-2025 02:22:50
19488971;4;gs15r3b09;2920714;2405165;2001000;1.101325;1.000000;820059337024.000000;74.461130;0.000020;17.746088;898.542066;8.474954;698.280783;2;2;0.000000;0;0;0;0;0;0;0;0;0;0;0;0.000000;0;0;0;0;0.000000;0;0;0;0;0.000000;0;0;0;0;0.000000;0;0;0;0;1;1;1;1745108581;209;20-04-2025 02:23:01
19488971;5;gs15r3b09;2975714;2496390;2001000;1.001223;1.000000;957793260672.000000;95.662341;0.000000;11.603455;800.249175;9.484230;690.539652;1;1;0.000000;0;0;0;0;0;0;0;0;0;0;0;0.000000;0;0;0;0;0.000000;0;0;0;0;0.000000;0;0;0;0;0.000000;0;0;0;0;1;1;1;1745108621;31;20-04-2025 02:23:41
19488971;5;gs15r3b09;2975535;2496362;2001000;1.001323;1.000000;948683015488.000000;94.742966;0.000000;13.075322;895.129234;9.431432;690.834953;1;1;0.000000;0;0;0;0;0;0;0;0;0;0;0;0.000000;0;0;0;0;0.000000;0;0;0;0;0.000000;0;0;0;0;0.000000;0;0;0;0;1;1;1;1745108631;41;20-04-2025 02:23:51
19488971;5;gs15r3b09;2976785;2496492;2001000;1.001323;1.000000;949056478592.000000;94.780263;0.000000;11.389041;896.208905;9.442803;690.480222;1;1;0.000000;0;0;0;0;0;0;0;0;0;0;0;0.000000;0;0;0;0;0.000000;0;0;0;0;0.000000;0;0;0;0;0.000000;0;0;0;0;1;1;1;1745108641;51;20-04-2025 02:24:01
19488971;5;gs15r3b09;2977321;2496468;2001000;1.001323;1.000000;942925326848.000000;94.167958;0.000000;10.828361;894.952268;9.422305;689.471248;1;1;0.000000;0;0;0;0;0;0;0;0;0;0;0;0.000000;0;0;0;0;0.000000;0;0;0;0;0.000000;0;0;0;0;0.000000;0;0;0;0;1;1;1;1745108651;61;20-04-2025 02:24:11
19488971;5;gs15r3b09;2978035;2496622;2001000;1.001223;1.000000;945621787968.000000;94.446680;0.000000;10.601640;897.192623;9.440855;690.204515;1;1;0.000000;0;0;0;0;0;0;0;0;0;0;0;0.000000;0;0;0;0;0.000000;0;0;0;0;0.000000;0;0;0;0;0.000000;0;0;0;0;1;1;1;1745108661;71;20-04-2025 02:24:21
19488971;5;gs15r3b09;2973928;2496305;2001000;1.001223;1.000000;933887332608.000000;93.274668;0.000000;14.937334;800.931641;9.388865;690.777550;1;1;0.000000;0;0;0;0;0;0;0;0;0;0;0;0.000000;0;0;0;0;0.000000;0;0;0;0;0.000000;0;0;0;0;0.000000;0;0;0;0;1;1;1;1745108671;81;20-04-2025 02:24:31
19488971;5;gs15r3b09;2974642;2496219;2001000;1.001223;1.000000;932649157376.000000;93.151001;0.000000;15.277089;888.744754;9.374022;690.498784;1;1;0.000000;0;0;0;0;0;0;0;0;0;0;0;0.000000;0;0;0;0;0.000000;0;0;0;0;0.000000;0;0;0;0;0.000000;0;0;0;0;1;1;1;1745108681;91;20-04-2025 02:24:41
19488971;5;gs15r3b09;2973750;2496191;2001000;1.001223;1.000000;924748055808.000000;92.361856;0.000000;16.592900;912.681881;9.344283;690.576728;1;1;0.000000;0;0;0;0;0;0;0;0;0;0;0;0.000000;0;0;0;0;0.000000;0;0;0;0;0.000000;0;0;0;0;0.000000;0;0;0;0;1;1;1;1745108691;101;20-04-2025 02:24:51
19488971;5;gs15r3b09;2973928;2496176;2001000;1.001223;1.000000;896773777536.000000;89.567845;0.000000;19.791197;907.943276;9.216447;689.763330;1;1;0.000000;0;0;0;0;0;0;0;0;0;0;0;0.000000;0;0;0;0;0.000000;0;0;0;0;0.000000;0;0;0;0;0.000000;0;0;0;0;1;1;1;1745108701;111;20-04-2025 02:25:01
19488971;5;gs15r3b09;2972678;2496483;2001000;1.001323;1.000000;929420540672.000000;92.819263;0.000000;16.969393;810.262004;9.344223;691.035908;1;1;0.000000;0;0;0;0;0;0;0;0;0;0;0;0.000000;0;0;0;0;0.000000;0;0;0;0;0.000000;0;0;0;0;0.000000;0;0;0;0;1;1;1;1745108711;121;20-04-2025 02:25:11
19488971;5;gs15r3b09;2973214;2496491;2001000;1.001223;1.000000;925312649792.000000;92.418247;0.000000;17.541610;915.334837;9.309319;691.066504;1;1;0.000000;0;0;0;0;0;0;0;0;0;0;0;0.000000;0;0;0;0;0.000000;0;0;0;0;0.000000;0;0;0;0;0.000000;0;0;0;0;1;1;1;1745108721;131;20-04-2025 02:25:21
19488971;5;gs15r3b09;2973571;2496375;2001000;1.001323;1.000000;929455644928.000000;92.822779;0.000000;16.934860;884.185699;9.336330;691.079578;1;1;0.000000;0;0;0;0;0;0;0;0;0;0;0;0.000000;0;0;0;0;0.000000;0;0;0;0;0.000000;0;0;0;0;0.000000;0;0;0;0;1;1;1;1745108731;141;20-04-2025 02:25:31
19488971;5;gs15r3b09;2973392;2496217;2001000;1.001123;1.000000;932029688960.000000;93.098429;0.000000;16.767718;897.104641;9.348319;690.586625;1;1;0.000000;0;0;0;0;0;0;0;0;0;0;0;0.000000;0;0;0;0;0.000000;0;0;0;0;0.000000;0;0;0;0;0.000000;0;0;0;0;1;1;1;1745108741;151;20-04-2025 02:25:41
19488971;5;gs15r3b09;2974107;2496299;2001000;1.001223;1.000000;921981835584.000000;92.085572;0.000000;17.835736;916.735924;9.305382;690.885054;1;1;0.000000;0;0;0;0;0;0;0;0;0;0;0;0.000000;0;0;0;0;0.000000;0;0;0;0;0.000000;0;0;0;0;0.000000;0;0;0;0;1;1;1;1745108751;161;20-04-2025 02:25:51
19488971;5;gs15r3b09;2973214;2496332;2001000;1.001323;1.000000;932220196736.000000;93.098859;0.000000;16.648080;806.736968;9.365328;691.034091;1;1;0.000000;0;0;0;0;0;0;0;0;0;0;0;0.000000;0;0;0;0;0.000000;0;0;0;0;0.000000;0;0;0;0;0.000000;0;0;0;0;1;1;1;1745108761;171;20-04-2025 02:26:01
19488971;5;gs15r3b09;2972857;2496360;2001000;1.001323;1.000000;922917295680.000000;92.169807;0.000000;17.776796;903.844495;9.301254;690.437775;1;1;0.000000;0;0;0;0;0;0;0;0;0;0;0;0.000000;0;0;0;0;0.000000;0;0;0;0;0.000000;0;0;0;0;0.000000;0;0;0;0;1;1;1;1745108771;181;20-04-2025 02:26:11
19488971;5;gs15r3b09;2973750;2496091;2001000;1.001223;1.000000;925038302080.000000;92.390845;0.000000;17.556412;893.586034;9.302365;690.791523;1;1;0.000000;0;0;0;0;0;0;0;0;0;0;0;0.000000;0;0;0;0;0.000000;0;0;0;0;0.000000;0;0;0;0;0.000000;0;0;0;0;1;1;1;1745108781;191;20-04-2025 02:26:21
19488971;5;gs15r3b09;2973035;2496787;2001000;1.001123;1.000000;925339956992.000000;92.430206;0.000000;17.150770;906.980651;9.332533;690.851288;1;1;0.000000;0;0;0;0;0;0;0;0;0;0;0;0.000000;0;0;0;0;0.000000;0;0;0;0;0.000000;0;0;0;0;0.000000;0;0;0;0;1;1;1;1745108791;201;20-04-2025 02:26:31
19488971;5;gs15r3b09;2973928;2496261;2001000;1.001223;1.000000;927053924032.000000;92.592161;0.000000;17.421573;819.550572;9.329520;690.952690;1;1;0.000000;0;0;0;0;0;0;0;0;0;0;0;0.000000;0;0;0;0;0.000000;0;0;0;0;0.000000;0;0;0;0;0.000000;0;0;0;0;1;1;1;1745108801;211;20-04-2025 02:26:41
19488971;5;gs15r3b09;2973214;2496485;2001000;1.001223;1.000000;926638513472.000000;92.550680;0.000000;17.108224;897.108516;9.306032;691.038391;1;1;0.000000;0;0;0;0;0;0;0;0;0;0;0;0.000000;0;0;0;0;0.000000;0;0;0;0;0.000000;0;0;0;0;0.000000;0;0;0;0;1;1;1;1745108811;221;20-04-2025 02:26:51
19488971;5;gs15r3b09;2973928;2496470;2001000;1.001123;1.000000;926782572160.000000;92.574306;0.000000;17.516764;905.645151;9.354475;690.745309;1;1;0.000000;0;0;0;0;0;0;0;0;0;0;0;0.000000;0;0;0;0;0.000000;0;0;0;0;0.000000;0;0;0;0;0.000000;0;0;0;0;1;1;1;1745108821;232;20-04-2025 02:27:01
19488971;5;gs15r3b09;2973928;2496709;2001000;1.001223;1.000000;932100340992.000000;93.096196;0.000000;16.699561;909.752654;9.356066;691.180167;1;1;0.000000;0;0;0;0;0;0;0;0;0;0;0;0.000000;0;0;0;0;0.000000;0;0;0;0;0.000000;0;0;0;0;0.000000;0;0;0;0;1;1;1;1745108831;242;20-04-2025 02:27:11
19488971;5;gs15r3b09;2973750;2496350;2001000;1.001223;1.000000;927408743040.000000;92.627600;0.000000;17.398866;907.138960;9.317832;691.058018;1;1;0.000000;0;0;0;0;0;0;0;0;0;0;0;0.000000;0;0;0;0;0.000000;0;0;0;0;0.000000;0;0;0;0;0.000000;0;0;0;0;1;1;1;1745108841;252;20-04-2025 02:27:21
19488971;5;gs15r3b09;2973214;2496163;2001000;1.001323;1.000000;918100455680.000000;91.688751;0.000000;17.928455;796.767856;9.300338;690.373546;1;1;0.000000;0;0;0;0;0;0;0;0;0;0;0;0.000000;0;0;0;0;0.000000;0;0;0;0;0.000000;0;0;0;0;0.000000;0;0;0;0;1;1;1;1745108851;262;20-04-2025 02:27:31
19488971;5;gs15r3b09;2973571;2496274;2001000;1.001223;1.000000;927727743808.000000;92.659470;0.000000;16.914528;899.959030;9.331701;690.967493;1;1;0.000000;0;0;0;0;0;0;0;0;0;0;0;0.000000;0;0;0;0;0.000000;0;0;0;0;0.000000;0;0;0;0;0.000000;0;0;0;0;1;1;1;1745108861;272;20-04-2025 02:27:41
19488971;5;gs15r3b09;2972857;2496476;2001000;1.001223;1.000000;931195376512.000000;93.005801;0.000000;16.772671;895.067023;9.356336;691.483261;1;1;0.000000;0;0;0;0;0;0;0;0;0;0;0;0.000000;0;0;0;0;0.000000;0;0;0;0;0.000000;0;0;0;0;0.000000;0;0;0;0;1;1;1;1745108871;282;20-04-2025 02:27:51
19488971;5;gs15r3b09;2973035;2496200;2001000;1.001123;1.000000;923992540992.000000;92.295625;0.000000;17.854681;878.040037;9.331015;691.064557;1;1;0.000000;0;0;0;0;0;0;0;0;0;0;0;0.000000;0;0;0;0;0.000000;0;0;0;0;0.000000;0;0;0;0;0.000000;0;0;0;0;1;1;1;1745108881;292;20-04-2025 02:28:01
19488971;5;gs15r3b09;2972857;2496415;2001000;1.001123;1.000000;930873537664.000000;92.982953;0.000000;16.797547;888.751909;9.352888;691.005944;1;1;0.000000;0;0;0;0;0;0;0;0;0;0;0;0.000000;0;0;0;0;0.000000;0;0;0;0;0.000000;0;0;0;0;0.000000;0;0;0;0;1;1;1;1745108891;302;20-04-2025 02:28:11
19488971;5;gs15r3b09;2973392;2496354;2001000;1.001223;1.000000;939625191296.000000;93.847753;0.000000;16.103866;805.200820;9.397480;691.878115;1;1;0.000000;0;0;0;0;0;0;0;0;0;0;0;0.000000;0;0;0;0;0.000000;0;0;0;0;0.000000;0;0;0;0;0.000000;0;0;0;0;1;1;1;1745108901;312;20-04-2025 02:28:21
19488971;5;gs15r3b09;2973392;2496156;2001000;1.001223;1.000000;937170016896.000000;93.602544;0.000000;16.028946;905.409965;9.387441;691.451886;1;1;0.000000;0;0;0;0;0;0;0;0;0;0;0;0.000000;0;0;0;0;0.000000;0;0;0;0;0.000000;0;0;0;0;0.000000;0;0;0;0;1;1;1;1745108911;322;20-04-2025 02:28:31
19488971;5;gs15r3b09;2973928;2496461;2001000;1.001123;1.000000;941529120576.000000;94.047306;0.000000;14.723968;902.358542;9.430076;691.423210;1;1;0.000000;0;0;0;0;0;0;0;0;0;0;0;0.000000;0;0;0;0;0.000000;0;0;0;0;0.000000;0;0;0;0;0.000000;0;0;0;0;1;1;1;1745108921;332;20-04-2025 02:28:41
19488971;5;gs15r3b09;2974285;2496310;2001000;1.001223;1.000000;932570374720.000000;93.143142;0.000000;14.524933;900.250274;9.397889;690.810044;1;1;0.000000;0;0;0;0;0;0;0;0;0;0;0;0.000000;0;0;0;0;0.000000;0;0;0;0;0.000000;0;0;0;0;0.000000;0;0;0;0;1;1;1;1745108931;342;20-04-2025 02:28:51
19488971;5;gs15r3b09;2975000;2496705;2001000;1.001223;1.000000;923379129792.000000;92.225131;0.000000;15.790787;822.363432;9.337989;690.686548;1;1;0.000000;0;0;0;0;0;0;0;0;0;0;0;0.000000;0;0;0;0;0.000000;0;0;0;0;0.000000;0;0;0;0;0.000000;0;0;0;0;1;1;1;1745108941;352;20-04-2025 02:29:01
19488971;5;gs15r3b09;2974285;2496248;2001000;1.001223;1.000000;927542553216.000000;92.640965;0.000000;15.122619;913.117149;9.360274;690.374967;1;1;0.000000;0;0;0;0;0;0;0;0;0;0;0;0.000000;0;0;0;0;0.000000;0;0;0;0;0.000000;0;0;0;0;0.000000;0;0;0;0;1;1;1;1745108952;362;20-04-2025 02:29:12
19488971;5;gs15r3b09;2974464;2496650;2001000;1.001223;1.000000;943342651648.000000;94.219045;0.000000;13.965438;900.280048;9.432814;691.371642;1;1;0.000000;0;0;0;0;0;0;0;0;0;0;0;0.000000;0;0;0;0;0.000000;0;0;0;0;0.000000;0;0;0;0;0.000000;0;0;0;0;1;1;1;1745108962;372;20-04-2025 02:29:22
19488971;5;gs15r3b09;2974285;2496487;2001000;1.001323;1.000000;933803557952.000000;93.256995;0.000000;14.440564;897.420892;9.402807;690.938736;1;1;0.000000;0;0;0;0;0;0;0;0;0;0;0;0.000000;0;0;0;0;0.000000;0;0;0;0;0.000000;0;0;0;0;0.000000;0;0;0;0;1;1;1;1745108972;382;20-04-2025 02:29:32
19488971;5;gs15r3b09;2974464;2496433;2001000;1.001223;1.000000;929379608000.000000;92.824446;0.000000;15.246789;813.694034;9.399467;690.406940;1;1;0.000000;0;0;0;0;0;0;0;0;0;0;0;0.000000;0;0;0;0;0.000000;0;0;0;0;0.000000;0;0;0;0;0.000000;0;0;0;0;1;1;1;1745108982;392;20-04-2025 02:29:42
19488971;5;gs15r3b09;2974285;2496483;2001000;1.001223;1.000000;934321130688.000000;93.318022;0.000000;14.358827;888.552556;9.393782;690.718028;1;1;0.000000;0;0;0;0;0;0;0;0;0;0;0;0.000000;0;0;0;0;0.000000;0;0;0;0;0.000000;0;0;0;0;0.000000;0;0;0;0;1;1;1;1745108992;402;20-04-2025 02:29:52
19488971;5;gs15r3b09;2974285;2496588;2001000;1.001221;1.000000;927856772736.000000;92.672506;0.000000;15.482122;913.775198;9.375402;690.469214;1;1;0.000000;0;0;0;0;0;0;0;0;0;0;0;0.000000;0;0;0;0;0.000000;0;0;0;0;0.000000;0;0;0;0;0.000000;0;0;0;0;1;1;1;1745109002;412;20-04-2025 02:30:02
19488971;5;gs15r3b09;2973571;2496612;2001000;1.001221;1.000000;920987430400.000000;91.986418;0.000000;15.797618;895.101591;9.322331;690.087059;1;1;0.000000;0;0;0;0;0;0;0;0;0;0;0;0.000000;0;0;0;0;0.000000;0;0;0;0;0.000000;0;0;0;0;0.000000;0;0;0;0;1;1;1;1745109012;422;20-04-2025 02:30:12
19488971;5;gs15r3b09;2974285;2496153;2001000;1.001121;1.000000;929647355200.000000;92.860629;0.000000;15.459041;891.492348;9.366228;690.433609;1;1;0.000000;0;0;0;0;0;0;0;0;0;0;0;0.000000;0;0;0;0;0.000000;0;0;0;0;0.000000;0;0;0;0;0.000000;0;0;0;0;1;1;1;1745109022;432;20-04-2025 02:30:22
19488971;5;gs15r3b09;2974285;2496551;2001000;1.035923;1.000000;962293870080.000000;92.892395;0.000000;15.222590;875.906631;9.380392;690.436107;1;1;0.000000;0;0;0;0;0;0;0;0;0;0;0;0.000000;0;0;0;0;0.000000;0;0;0;0;0.000000;0;0;0;0;0.000000;0;0;0;0;1;1;1;1745109032;442;20-04-2025 02:30:32
19488971;5;gs15r3b09;2974464;2496350;2001000;1.001223;1.000000;925292859776.000000;92.416270;0.000000;15.481352;906.565561;9.368995;690.055655;1;1;0.000000;0;0;0;0;0;0;0;0;0;0;0;0.000000;0;0;0;0;0.000000;0;0;0;0;0.000000;0;0;0;0;0.000000;0;0;0;0;1;1;1;1745109042;452;20-04-2025 02:30:42
19488971;5;gs15r3b09;2974285;2496737;2001000;1.001223;1.000000;940381583168.000000;93.923300;0.000000;14.407627;811.741122;9.421753;691.240692;1;1;0.000000;0;0;0;0;0;0;0;0;0;0;0;0.000000;0;0;0;0;0.000000;0;0;0;0;0.000000;0;0;0;0;0.000000;0;0;0;0;1;1;1;1745109052;462;20-04-2025 02:30:52
19488971;5;gs15r3b09;2974107;2496366;2001000;1.001223;1.000000;919672565824.000000;91.854946;0.000000;15.922294;883.493852;9.299625;690.172252;1;1;0.000000;0;0;0;0;0;0;0;0;0;0;0;0.000000;0;0;0;0;0.000000;0;0;0;0;0.000000;0;0;0;0;0.000000;0;0;0;0;1;1;1;1745109062;472;20-04-2025 02:31:02
19488971;5;gs15r3b09;2974285;2496476;2001000;1.001423;1.000000;934793675520.000000;93.346563;0.000000;14.870141;904.745119;9.363249;690.771445;1;1;0.000000;0;0;0;0;0;0;0;0;0;0;0;0.000000;0;0;0;0;0.000000;0;0;0;0;0.000000;0;0;0;0;0.000000;0;0;0;0;1;1;1;1745109072;482;20-04-2025 02:31:12
19488971;5;gs15r3b09;2974464;2496312;2001000;1.001323;1.000000;926903834688.000000;92.567944;0.000000;15.661894;889.839509;9.353906;690.455497;1;1;0.000000;0;0;0;0;0;0;0;0;0;0;0;0.000000;0;0;0;0;0.000000;0;0;0;0;0.000000;0;0;0;0;0.000000;0;0;0;0;1;1;1;1745109082;492;20-04-2025 02:31:22
19488971;5;gs15r3b09;2974107;2496353;2001000;1.001223;1.000000;933146910592.000000;93.200744;0.000000;14.949731;811.497164;9.386293;690.917217;1;1;0.000000;0;0;0;0;0;0;0;0;0;0;0;0.000000;0;0;0;0;0.000000;0;0;0;0;0.000000;0;0;0;0;0.000000;0;0;0;0;1;1;1;1745109092;502;20-04-2025 02:31:32
